{"stats":{"minecraft:picked_up":{"minecraft:coarse_dirt":1,"minecraft:crafting_table":1,"minecraft:brown_terracotta":1,"minecraft:oak_log":3,"minecraft:terracotta":2,"minecraft:red_terracotta":1},"minecraft:custom":{"minecraft:time_since_rest":2638,"minecraft:play_time":2638,"minecraft:sprint_one_cm":3942,"minecraft:walk_one_cm":3109,"minecraft:jump":48,"minecraft:time_since_death":2638,"minecraft:total_world_time":2638,"minecraft:interact_with_crafting_table":2,"minecraft:fall_one_cm":1103,"minecraft:fly_one_cm":8613},"minecraft:crafted":{"minecraft:oak_planks":12,"minecraft:crafting_table":1,"minecraft:stick":8,"minecraft:wooden_pickaxe":1},"minecraft:used":{"minecraft:brown_terracotta":1,"minecraft:terracotta":2,"minecraft:crafting_table":1,"minecraft:wooden_pickaxe":4,"minecraft:red_terracotta":1},"minecraft:mined":{"minecraft:oak_log":3,"minecraft:red_terracotta":1,"minecraft:coarse_dirt":1,"minecraft:brown_terracotta":1,"minecraft:terracotta":2,"minecraft:oak_leaves":1,"minecraft:crafting_table":1}},"DataVersion":3465}